{"cameraMode":{"drawMode":0,"name":"Shaded","section":"Shading Mode"},"sceneLighting":false,"audioPlay":false,"sceneViewState":{"showFog":true,"showMaterialUpdate":false,"showSkybox":true,"showFlares":true,"showImageEffects":true,"showParticleSystems":true},"in2DMode":false,"pivot":{"x":-480.83184814453127,"y":1064.1861572265625,"z":1900.664794921875},"rotation":{"x":0.10570957511663437,"y":0.1647767871618271,"z":-0.017764760181307794,"w":0.9804888963699341},"size":74.39582824707031,"orthographic":true}