{"cameraMode":{"drawMode":0,"name":"Shaded","section":"Shading Mode"},"sceneLighting":true,"audioPlay":false,"sceneViewState":{"showFog":true,"showMaterialUpdate":false,"showSkybox":true,"showFlares":true,"showImageEffects":true,"showParticleSystems":true},"in2DMode":false,"pivot":{"x":-2514.32080078125,"y":744.291259765625,"z":2011.380615234375},"rotation":{"x":-0.06204194948077202,"y":-0.025448095053434373,"z":-0.0015824614092707635,"w":0.9977478384971619},"size":6535.88037109375,"orthographic":true}