{"cameraMode":{"drawMode":0,"name":"Shaded","section":"Shading Mode"},"sceneLighting":true,"audioPlay":false,"sceneViewState":{"showFog":true,"showMaterialUpdate":false,"showSkybox":true,"showFlares":true,"showImageEffects":true,"showParticleSystems":true},"in2DMode":false,"pivot":{"x":-2673.23046875,"y":846.0966796875,"z":2111.125},"rotation":{"x":0.010494275949895382,"y":-0.032390329986810687,"z":0.0003400968271307647,"w":0.999420166015625},"size":273.71185302734377,"orthographic":true}